A,SVE,PCrel addr,Add/Sub (imm),Logical (imm),Move Wide (imm),Bitfield,Extract,Cond Branch (imm),Exception Gen,NOP,Hints,Barriers,System Insn,System Reg,Branch (reg),Branch (imm),Cmp & Branch,Tst & Branch,AdvSimd ldstmult,AdvSimd ldst,ldst excl,Load Reg (lit),ldst pair,ldst reg (imm),Loads & Stores,Data Proc Reg,Scalar FP,sum
O3,0.0,0.001,0.04,0.0,0.0,0.0,0.0,0.015,0.0,0.0,,0.0,0.0,0.0,0.01,0.01,0.0,0.0,0.0,0.0,0.0,0.017,0.239,0.267,,0.015,0.384,0.933
O3_Nslp_Nloop,0.0,0.001,0.038,0.0,0.0,0.0,0.0,0.014,0.0,0.0,,0.0,0.0,0.0,0.009,0.009,0.0,0.0,0.0,,0.0,0.026,0.168,0.228,,0.014,0.491,1.0
O3_Nslp,0.0,0.001,0.038,0.0,0.0,0.0,0.0,0.014,0.0,0.0,,0.0,0.0,0.0,0.009,0.009,0.0,0.0,0.0,,0.0,0.026,0.168,0.228,,0.014,0.491,1.0
O3_Nloop,0.0,0.001,0.04,0.0,0.0,0.0,0.0,0.015,0.0,0.0,,0.0,0.0,0.0,0.01,0.01,0.0,0.0,0.0,0.0,0.0,0.017,0.239,0.267,,0.015,0.384,0.933
