A,SVE,PCrel addr,Add/Sub (imm),Logical (imm),Move Wide (imm),Bitfield,Extract,Cond Branch (imm),Exception Gen,NOP,Hints,Barriers,System Insn,System Reg,Branch (reg),Branch (imm),Cmp & Branch,Tst & Branch,AdvSimd ldstmult,AdvSimd ldst,ldst excl,Load Reg (lit),ldst pair,ldst reg (imm),Loads & Stores,Data Proc Reg,Scalar FP,sum
O3,0.0,0.0,0.041,0.021,0.002,0.022,0.0,0.06,0.0,0.0,,0.0,,0.0,0.0,0.002,0.002,0.001,0.0,0.0,0.0,0.036,0.104,0.163,,0.083,0.462,1.003
O3_Nslp_Nloop,0.0,0.0,0.043,0.021,0.002,0.022,0.0,0.06,0.0,0.0,,0.0,,0.0,0.0,0.002,0.002,0.001,0.0,,0.0,0.035,0.108,0.158,,0.084,0.461,1.0
O3_Nslp,0.0,0.0,0.043,0.021,0.002,0.022,0.0,0.06,0.0,0.0,,0.0,,0.0,0.0,0.002,0.002,0.001,0.0,,0.0,0.035,0.107,0.159,0.0,0.084,0.461,1.001
O3_Nloop,0.0,0.0,0.041,0.021,0.002,0.022,0.0,0.06,0.0,0.0,,0.0,,0.0,0.0,0.002,0.002,0.001,0.0,0.0,0.0,0.036,0.105,0.162,,0.083,0.462,1.003
