A,SVE,PCrel addr,Add/Sub (imm),Logical (imm),Move Wide (imm),Bitfield,Extract,Cond Branch (imm),Exception Gen,NOP,Hints,Barriers,System Insn,System Reg,Branch (reg),Branch (imm),Cmp & Branch,Tst & Branch,AdvSimd ldstmult,AdvSimd ldst,ldst excl,Load Reg (lit),ldst pair,ldst reg (imm),Loads & Stores,Data Proc Reg,Scalar FP,sum
O3,0.0,0.0,0.019,0.001,0.011,0.0,0.0,0.01,0.0,0.0,,0.0,,0.0,0.001,0.005,0.001,0.01,0.0,,0.0,0.055,0.063,0.174,,0.024,0.626,0.998
O3_Nslp_Nloop,0.0,0.0,0.019,0.001,0.011,0.0,0.0,0.01,0.0,0.0,,0.0,,0.0,0.001,0.005,0.001,0.01,0.0,,0.0,0.055,0.066,0.173,,0.024,0.625,1.0
O3_Nloop,0.0,0.0,0.019,0.001,0.011,0.0,0.0,0.01,0.0,0.0,,0.0,,0.0,0.001,0.005,0.001,0.01,0.0,,0.0,0.055,0.063,0.174,,0.024,0.626,0.998
O3_Nslp,0.0,0.0,0.019,0.001,0.011,0.0,0.0,0.01,0.0,0.0,,0.0,,0.0,0.001,0.005,0.001,0.01,0.0,,0.0,0.055,0.066,0.173,,0.024,0.625,1.0
