A,SVE,PCrel addr,Add/Sub (imm),Logical (imm),Move Wide (imm),Bitfield,Extract,Cond Branch (imm),Exception Gen,NOP,Hints,Barriers,System Insn,System Reg,Branch (reg),Branch (imm),Cmp & Branch,Tst & Branch,AdvSimd ldstmult,AdvSimd ldst,ldst excl,Load Reg (lit),ldst pair,ldst reg (imm),Loads & Stores,Data Proc Reg,Scalar FP,sum
O3_Nloop,0.0,0.0,0.119,0.007,0.003,0.03,,0.109,0.0,0.0,,0.0,0.0,0.0,0.019,0.014,0.027,0.009,0.0,,0.0,0.068,0.203,0.276,,0.114,0.001,1.0
O3_Nslp_Nloop,0.0,0.0,0.119,0.007,0.003,0.03,,0.109,0.0,0.0,,0.0,0.0,0.0,0.019,0.014,0.027,0.009,0.0,,0.0,0.068,0.203,0.276,,0.115,0.001,1.0
O3,0.0,0.0,0.119,0.007,0.003,0.03,,0.109,0.0,0.0,,0.0,0.0,0.0,0.019,0.014,0.027,0.009,0.0,,0.0,0.068,0.203,0.276,,0.114,0.001,1.0
O3_Nslp,0.0,0.0,0.119,0.007,0.003,0.03,,0.109,0.0,0.0,,0.0,0.0,0.0,0.019,0.014,0.027,0.009,0.0,,0.0,0.068,0.203,0.276,,0.115,0.001,1.0
