A,SVE,PCrel addr,Add/Sub (imm),Logical (imm),Move Wide (imm),Bitfield,Extract,Cond Branch (imm),Exception Gen,NOP,Hints,Barriers,System Insn,System Reg,Branch (reg),Branch (imm),Cmp & Branch,Tst & Branch,AdvSimd ldstmult,AdvSimd ldst,ldst excl,Load Reg (lit),ldst pair,ldst reg (imm),Loads & Stores,Data Proc Reg,Scalar FP,sum
O3_Nloop,0.0,0.0,0.16,0.021,0.007,0.04,0.0,0.149,0.0,0.0,,0.0,0.0,0.0,0.0,0.014,0.017,0.001,0.0,,0.0,0.206,0.212,0.069,,0.103,0.0,1.0
O3_Nslp_Nloop,0.0,0.0,0.16,0.021,0.007,0.04,0.0,0.149,0.0,0.0,,0.0,0.0,0.0,0.0,0.014,0.017,0.001,0.0,,0.0,0.206,0.212,0.069,,0.103,0.0,1.0
O3,0.0,0.0,0.16,0.021,0.007,0.04,0.0,0.149,0.0,0.0,,0.0,0.0,0.0,0.0,0.014,0.017,0.001,0.0,,0.0,0.206,0.213,0.069,,0.102,0.0,1.001
O3_Nslp,0.0,0.0,0.16,0.021,0.007,0.04,0.0,0.149,0.0,0.0,,0.0,0.0,0.0,0.0,0.014,0.017,0.001,0.0,,0.0,0.206,0.213,0.07,,0.102,0.0,1.001
