A,SVE,PCrel addr,Add/Sub (imm),Logical (imm),Move Wide (imm),Bitfield,Extract,Cond Branch (imm),Exception Gen,NOP,Hints,Barriers,System Insn,System Reg,Branch (reg),Branch (imm),Cmp & Branch,Tst & Branch,AdvSimd ldstmult,AdvSimd ldst,ldst excl,Load Reg (lit),ldst pair,ldst reg (imm),Loads & Stores,Data Proc Reg,Scalar FP,sum
O3_Nloop,0.0,0.04,0.153,0.02,0.023,0.009,0.0,0.113,0.0,0.0,,0.0,0.0,0.0,0.025,0.035,0.048,0.006,0.0,,0.0,0.053,0.253,0.159,,0.057,0.005,1.003
O3_Nslp_Nloop,0.0,0.04,0.154,0.019,0.023,0.009,0.0,0.114,0.0,0.0,,0.0,0.0,0.0,0.025,0.035,0.048,0.006,0.0,,0.0,0.052,0.255,0.159,,0.059,0.0,1.0
O3,0.0,0.04,0.153,0.02,0.023,0.009,0.0,0.113,0.0,0.0,,0.0,0.0,0.0,0.025,0.035,0.048,0.006,0.0,,0.0,0.053,0.253,0.159,,0.057,0.005,1.004
O3_Nslp,0.0,0.04,0.154,0.019,0.023,0.009,0.0,0.114,0.0,0.0,,0.0,0.0,0.0,0.025,0.035,0.048,0.006,0.0,,0.0,0.052,0.255,0.159,,0.059,0.0,1.001
