A,SVE,PCrel addr,Add/Sub (imm),Logical (imm),Move Wide (imm),Bitfield,Extract,Cond Branch (imm),Exception Gen,NOP,Hints,Barriers,System Insn,System Reg,Branch (reg),Branch (imm),Cmp & Branch,Tst & Branch,AdvSimd ldstmult,AdvSimd ldst,ldst excl,Load Reg (lit),ldst pair,ldst reg (imm),Loads & Stores,Data Proc Reg,Scalar FP,sum
O3_Nloop,0.0,0.001,0.215,0.0,0.001,0.0,,0.186,0.0,0.0,,0.0,0.0,0.0,0.001,0.015,0.002,0.0,0.0,,0.0,0.14,0.203,0.146,,0.084,0.004,1.0
O3_Nslp_Nloop,0.0,0.001,0.215,0.0,0.001,0.0,,0.186,0.0,0.0,,0.0,0.0,0.0,0.001,0.015,0.002,0.0,0.0,,0.0,0.14,0.203,0.146,,0.084,0.004,1.0
O3,0.004,0.001,0.214,0.0,0.001,0.0,,0.186,0.0,0.0,,0.0,0.0,0.0,0.001,0.018,0.002,0.0,0.0,,0.0,0.143,0.203,0.149,,0.075,0.004,0.982
O3_Nslp,0.004,0.001,0.214,0.0,0.001,0.0,,0.186,0.0,0.0,,0.0,0.0,0.0,0.001,0.018,0.002,0.0,0.0,,0.0,0.143,0.203,0.149,,0.075,0.004,0.982
