A,SVE,PCrel addr,Add/Sub (imm),Logical (imm),Move Wide (imm),Bitfield,Extract,Cond Branch (imm),Exception Gen,NOP,Hints,Barriers,System Insn,System Reg,Branch (reg),Branch (imm),Cmp & Branch,Tst & Branch,AdvSimd ldstmult,AdvSimd ldst,ldst excl,Load Reg (lit),ldst pair,ldst reg (imm),Loads & Stores,Data Proc Reg,Scalar FP,sum
O3_Nloop,0.0,0.001,0.108,0.002,0.021,0.003,0.0,0.166,0.0,0.0,,0.0,,0.0,0.002,0.015,0.048,0.001,0.0,,0.0,0.005,0.201,0.288,,0.139,0.0,1.0
O3_Nslp_Nloop,0.0,0.001,0.108,0.002,0.021,0.003,0.0,0.166,0.0,0.0,,0.0,,0.0,0.002,0.015,0.048,0.001,0.0,,0.0,0.003,0.201,0.289,,0.139,0.0,1.0
O3,0.0,0.001,0.108,0.002,0.021,0.003,0.0,0.166,0.0,0.0,,0.0,,0.0,0.002,0.015,0.048,0.001,0.0,,0.0,0.005,0.201,0.288,,0.139,0.0,1.0
O3_Nslp,0.0,0.001,0.108,0.002,0.021,0.003,0.0,0.166,0.0,0.0,,0.0,,0.0,0.002,0.015,0.048,0.001,0.0,,0.0,0.003,0.201,0.289,,0.139,0.0,1.0
