A,SVE,PCrel addr,Add/Sub (imm),Logical (imm),Move Wide (imm),Bitfield,Extract,Cond Branch (imm),Exception Gen,NOP,Hints,Barriers,System Insn,System Reg,Branch (reg),Branch (imm),Cmp & Branch,Tst & Branch,AdvSimd ldstmult,AdvSimd ldst,ldst excl,Load Reg (lit),ldst pair,ldst reg (imm),Loads & Stores,Data Proc Reg,Scalar FP,sum
O3_Nloop,0.0,0.076,0.19,0.02,0.026,0.032,,0.099,0.0,0.0,,0.0,0.0,0.0,0.016,0.016,0.034,0.005,0.0,0.0,0.0,0.115,0.101,0.15,,0.119,0.001,1.001
O3_Nslp_Nloop,0.0,0.076,0.191,0.02,0.026,0.032,,0.099,0.0,0.0,,0.0,0.0,0.0,0.016,0.016,0.034,0.005,0.0,,0.0,0.116,0.102,0.149,,0.119,0.0,1.0
O3,0.0,0.076,0.19,0.02,0.026,0.032,,0.099,0.0,0.0,,0.0,0.0,0.0,0.016,0.016,0.034,0.005,0.0,0.0,0.0,0.115,0.101,0.15,,0.119,0.001,1.001
O3_Nslp,0.0,0.076,0.191,0.02,0.026,0.032,,0.099,0.0,0.0,,0.0,0.0,0.0,0.016,0.016,0.034,0.005,0.0,,0.0,0.116,0.102,0.149,,0.119,0.0,1.0
